date,content_hash
2026-03-03,f90b1b485487d50f299a6789cb8c0ecda05e063fd4f8fa3e8d7a1fbf7fb87d03
2026-03-03,cbc075e94561d61eec1d0d8be64893736628eefc47fb5152353e1f09de4be8d5
2026-03-03,c945f06521b3320d1760c9acb4adbf6919e7314a6d13d5bd0f1e729219a55f15
2026-03-03,cec2d1d38a7300da2f1fe058791d34d58609f835633626d12ed55baf6074b84f
2026-03-03,6a0976d3258c5e57ed325f9ca708734d5d7f495eb1479604209e8b9bf49b3fb3
2026-03-03,9eb81ed6b624b7f2554ec61fd24208382f7f674b74d0dc70cf765c580ca7a237
2026-03-03,1a20b1bcdc00dc878aa92cb4b7d2e361c912d0dbba82c4302d143d3e639fc0c8
2026-03-03,7a496336d9cae1251ad23db2f9a0260a628ed36f4e6fe80252b03f16d2d0d169
2026-03-03,597cfdfd0e3713fa655ba808dd3ba7c40ef8ff45269ed9bb5d32c40450465cee
2026-03-03,4a687142b4820d41662f40723dc4f94809830325af5d6be7d0a824964520c153
